sample,time,amplitude
0,0,0
1,2.26757e-05,0.0626483
2,4.53515e-05,0.125051
3,6.80272e-05,0.186961
4,9.07029e-05,0.248138
5,0.000113379,0.308339
6,0.000136054,0.36733
7,0.00015873,0.424877
8,0.000181406,0.480755
9,0.000204082,0.534744
10,0.000226757,0.586632
11,0.000249433,0.636216
12,0.000272109,0.6833
13,0.000294785,0.727699
14,0.00031746,0.76924
15,0.000340136,0.807759
16,0.000362812,0.843104
17,0.000385488,0.875137
18,0.000408163,0.903732
19,0.000430839,0.928777
20,0.000453515,0.950172
21,0.00047619,0.967835
22,0.000498866,0.981695
23,0.000521542,0.991699
24,0.000544218,0.997806
25,0.000566893,0.999994
26,0.000589569,0.998252
27,0.000612245,0.992589
28,0.000634921,0.983027
29,0.000657596,0.969602
30,0.000680272,0.952369
31,0.000702948,0.931393
32,0.000725624,0.906759
33,0.000748299,0.878562
34,0.000770975,0.846914
35,0.000793651,0.811938
36,0.000816327,0.773773
37,0.000839002,0.732567
38,0.000861678,0.688484
39,0.000884354,0.641696
40,0.000907029,0.592386
41,0.000929705,0.54075
42,0.000952381,0.486989
43,0.000975057,0.431315
44,0.000997732,0.373946
45,0.00102041,0.315108
46,0.00104308,0.255032
47,0.00106576,0.193955
48,0.00108844,0.132115
49,0.00111111,0.0697565
50,0.00113379,0.00712373
51,0.00115646,-0.055537
52,0.00117914,-0.11798
53,0.00120181,-0.179959
54,0.00122449,-0.241231
55,0.00124717,-0.301555
56,0.00126984,-0.360695
57,0.00129252,-0.418417
58,0.00131519,-0.474496
59,0.00133787,-0.52871
60,0.00136054,-0.580848
61,0.00138322,-0.630703
62,0.0014059,-0.678081
63,0.00142857,-0.722795
64,0.00145125,-0.764669
65,0.00147392,-0.803539
66,0.0014966,-0.839252
67,0.00151927,-0.871668
68,0.00154195,-0.90066
69,0.00156463,-0.926113
70,0.0015873,-0.947927
71,0.00160998,-0.966018
72,0.00163265,-0.980313
73,0.00165533,-0.990758
74,0.001678,-0.997309
75,0.00170068,-0.999943
76,0.00172336,-0.998648
77,0.00174603,-0.99343
78,0.00176871,-0.984309
79,0.00179138,-0.971321
80,0.00181406,-0.954517
81,0.00183673,-0.933963
82,0.00185941,-0.90974
83,0.00188209,-0.881942
84,0.00190476,-0.85068
85,0.00192744,-0.816076
86,0.00195011,-0.778266
87,0.00197279,-0.737398
88,0.00199546,-0.693633
89,0.00201814,-0.647143
90,0.00204082,-0.598111
91,0.00206349,-0.546728
92,0.00208617,-0.493198
93,0.00210884,-0.437731
94,0.00213152,-0.380543
95,0.0021542,-0.321861
96,0.00217687,-0.261914
97,0.00219955,-0.200938
98,0.00222222,-0.139173
99,0.0022449,-0.0768611
100,0.00226757,-0.0142471
101,0.00229025,0.0484228
102,0.00231293,0.110903
103,0.0023356,0.172947
104,0.00235828,0.234311
105,0.00238095,0.294755
106,0.00240363,0.354041
107,0.0024263,0.411936
108,0.00244898,0.468213
109,0.00247166,0.52265
110,0.00249433,0.575034
111,0.00251701,0.625159
112,0.00253968,0.672828
113,0.00256236,0.717854
114,0.00258503,0.760059
115,0.00260771,0.799278
116,0.00263039,0.835357
117,0.00265306,0.868155
118,0.00267574,0.897541
119,0.00269841,0.923402
120,0.00272109,0.945634
121,0.00274376,0.964152
122,0.00276644,0.978882
123,0.00278912,0.989766
124,0.00281179,0.996762
125,0.00283447,0.999841
126,0.00285714,0.998993
127,0.00287982,0.99422
128,0.00290249,0.985541
129,0.00292517,0.97299
130,0.00294785,0.956617
131,0.00297052,0.936485
132,0.0029932,0.912674
133,0.00301587,0.885278
134,0.00303855,0.854403
135,0.00306122,0.820172
136,0.0030839,0.782719
137,0.00310658,0.742191
138,0.00312925,0.698747
139,0.00315193,0.652557
140,0.0031746,0.603804
141,0.00319728,0.552679
142,0.00321995,0.499383
143,0.00324263,0.444125
144,0.00326531,0.387122
145,0.00328798,0.328598
146,0.00331066,0.268783
147,0.00333333,0.207912
148,0.00335601,0.146224
149,0.00337868,0.0839618
150,0.00340136,0.0213698
151,0.00342404,-0.0413062
152,0.00344671,-0.10382
153,0.00346939,-0.165926
154,0.00349206,-0.22738
155,0.00351474,-0.28794
156,0.00353741,-0.34737
157,0.00356009,-0.405435
158,0.00358277,-0.461907
159,0.00360544,-0.516564
160,0.00362812,-0.569192
161,0.00365079,-0.619583
162,0.00367347,-0.667541
163,0.00369615,-0.712876
164,0.00371882,-0.75541
165,0.0037415,-0.794977
166,0.00376417,-0.83142
167,0.00378685,-0.864597
168,0.00380952,-0.894377
169,0.0038322,-0.920644
170,0.00385488,-0.943294
171,0.00387755,-0.962237
172,0.00390023,-0.977401
173,0.0039229,-0.988724
174,0.00394558,-0.996164
175,0.00396825,-0.999689
176,0.00399093,-0.999287
177,0.00401361,-0.99496
178,0.00403628,-0.986723
179,0.00405896,-0.97461
180,0.00408163,-0.958668
181,0.00410431,-0.93896
182,0.00412698,-0.915562
183,0.00414966,-0.888568
184,0.00417234,-0.858083
185,0.00419501,-0.824227
186,0.00421769,-0.787133
187,0.00424036,-0.746946
188,0.00426304,-0.703825
189,0.00428571,-0.657939
190,0.00430839,-0.609468
191,0.00433107,-0.558602
192,0.00435374,-0.505542
193,0.00437642,-0.450496
194,0.00439909,-0.39368
195,0.00442177,-0.335317
196,0.00444444,-0.275637
197,0.00446712,-0.214874
198,0.0044898,-0.153267
199,0.00451247,-0.0910582
200,0.00453515,-0.0284913
201,0.00455782,0.0341875
202,0.0045805,0.0967321
203,0.00460317,0.158897
204,0.00462585,0.220437
205,0.00464853,0.281111
206,0.0046712,0.340681
207,0.00469388,0.398912
208,0.00471655,0.455577
209,0.00473923,0.510451
210,0.0047619,0.56332
211,0.00478458,0.613976
212,0.00480726,0.66222
213,0.00482993,0.707862
214,0.00485261,0.750723
215,0.00487528,0.790635
216,0.00489796,0.827441
217,0.00492063,0.860996
218,0.00494331,0.891168
219,0.00496599,0.917839
220,0.00498866,0.940905
221,0.00501134,0.960274
222,0.00503401,0.97587
223,0.00505669,0.987633
224,0.00507937,0.995515
225,0.00510204,0.999486
226,0.00512472,0.999531
227,0.00514739,0.995649
228,0.00517007,0.987855
229,0.00519274,0.97618
230,0.00521542,0.96067
231,0.0052381,0.941386
232,0.00526077,0.918404
233,0.00528345,0.891814
234,0.00530612,0.86172
235,0.0053288,0.82824
236,0.00535147,0.791507
237,0.00537415,0.751664
238,0.00539683,0.708868
239,0.0054195,0.663287
240,0.00544218,0.6151
241,0.00546485,0.564497
242,0.00548753,0.511676
243,0.0055102,0.456844
244,0.00553288,0.400218
245,0.00555556,0.34202
246,0.00557823,0.282478
247,0.00560091,0.221826
248,0.00562358,0.160303
249,0.00564626,0.0981501
250,0.00566893,0.0356114
251,0.00569161,-0.0270671
252,0.00571429,-0.0896393
253,0.00573696,-0.151859
254,0.00575964,-0.213483
255,0.00578231,-0.274268
256,0.00580499,-0.333975
257,0.00582766,-0.39237
258,0.00585034,-0.449224
259,0.00587302,-0.504312
260,0.00589569,-0.55742
261,0.00591837,-0.608337
262,0.00594104,-0.656865
263,0.00596372,-0.702812
264,0.00598639,-0.745998
265,0.00600907,-0.786253
266,0.00603175,-0.823419
267,0.00605442,-0.857351
268,0.0060771,-0.887914
269,0.00609977,-0.914988
270,0.00612245,-0.938468
271,0.00614512,-0.958261
272,0.0061678,-0.97429
273,0.00619048,-0.986491
274,0.00621315,-0.994816
275,0.00623583,-0.999233
276,0.0062585,-0.999724
277,0.00628118,-0.996287
278,0.00630385,-0.988937
279,0.00632653,-0.977701
280,0.00634921,-0.962624
281,0.00637188,-0.943766
282,0.00639456,-0.921199
283,0.00641723,-0.895014
284,0.00643991,-0.865312
285,0.00646259,-0.832211
286,0.00648526,-0.79584
287,0.00650794,-0.756343
288,0.00653061,-0.713874
289,0.00655329,-0.668601
290,0.00657596,-0.620701
291,0.00659864,-0.570363
292,0.00662132,-0.517783
293,0.00664399,-0.46317
294,0.00666667,-0.406737
295,0.00668934,-0.348706
296,0.00671202,-0.289305
297,0.00673469,-0.228767
298,0.00675737,-0.167331
299,0.00678005,-0.105237
300,0.00680272,-0.0427297
301,0.0068254,0.0199453
302,0.00684807,0.082542
303,0.00687075,0.144814
304,0.00689342,0.206518
305,0.0069161,0.26741
306,0.00693878,0.327252
307,0.00696145,0.385807
308,0.00698413,0.442848
309,0.0070068,0.498148
310,0.00702948,0.551491
311,0.00705215,0.602668
312,0.00707483,0.651477
313,0.00709751,0.697727
314,0.00712018,0.741235
315,0.00714286,0.781831
316,0.00716553,0.819356
317,0.00718821,0.853662
318,0.00721088,0.884614
319,0.00723356,0.912091
320,0.00725624,0.935984
321,0.00727891,0.956201
322,0.00730159,0.97266
323,0.00732426,0.985299
324,0.00734694,0.994066
325,0.00736961,0.998928
326,0.00739229,0.999866
327,0.00741497,0.996875
328,0.00743764,0.989968
329,0.00746032,0.979172
330,0.00748299,0.964529
331,0.00750567,0.946097
332,0.00752834,0.923948
333,0.00755102,0.898169
334,0.0075737,0.868861
335,0.00759637,0.83614
336,0.00761905,0.800134
337,0.00764172,0.760984
338,0.0076644,0.718845
339,0.00768707,0.673881
340,0.00770975,0.626271
341,0.00773243,0.576199
342,0.0077551,0.523865
343,0.00777778,0.469472
344,0.00780045,0.413234
345,0.00782313,0.355373
346,0.0078458,0.296116
347,0.00786848,0.235696
348,0.00789116,0.17435
349,0.00791383,0.112318
350,0.00793651,0.0498459
351,0.00795918,-0.0128225
352,0.00798186,-0.0754405
353,0.00800454,-0.137762
354,0.00802721,-0.199542
355,0.00804989,-0.260539
356,0.00807256,-0.320512
357,0.00809524,-0.379225
358,0.00811791,-0.436449
359,0.00814059,-0.491958
360,0.00816327,-0.545535
361,0.00818594,-0.596968
362,0.00820862,-0.646056
363,0.00823129,-0.692606
364,0.00825397,-0.736435
365,0.00827664,-0.77737
366,0.00829932,-0.815252
367,0.008322,-0.84993
368,0.00834467,-0.88127
369,0.00836735,-0.909147
370,0.00839002,-0.933453
371,0.0084127,-0.954091
372,0.00843537,-0.970981
373,0.00845805,-0.984057
374,0.00848073,-0.993266
375,0.0085034,-0.998573
376,0.00852608,-0.999957
377,0.00854875,-0.997413
378,0.00857143,-0.99095
379,0.0085941,-0.980594
380,0.00861678,-0.966385
381,0.00863946,-0.94838
382,0.00866213,-0.926649
383,0.00868481,-0.901278
384,0.00870748,-0.872365
385,0.00873016,-0.840026
386,0.00875283,-0.804386
387,0.00877551,-0.765586
388,0.00879819,-0.723779
389,0.00882086,-0.679128
390,0.00884354,-0.631808
391,0.00886621,-0.582007
392,0.00888889,-0.529919
393,0.00891156,-0.47575
394,0.00893424,-0.419711
395,0.00895692,-0.362023
396,0.00897959,-0.302913
397,0.00900227,-0.242613
398,0.00902494,-0.18136
399,0.00904762,-0.119394
400,0.00907029,-0.0569595
401,0.00909297,0.005699
402,0.00911565,0.0683351
403,0.00913832,0.130703
404,0.009161,0.192557
405,0.00918367,0.253655
406,0.00920635,0.313756
407,0.00922902,0.372624
408,0.0092517,0.430029
409,0.00927438,0.485744
410,0.00929705,0.539551
411,0.00931973,0.591238
412,0.0093424,0.640602
413,0.00936508,0.68745
414,0.00938776,0.731597
415,0.00941043,0.772869
416,0.00943311,0.811105
417,0.00945578,0.846155
418,0.00947846,0.877881
419,0.00950113,0.906157
420,0.00952381,0.930874
421,0.00954649,0.951933
422,0.00956916,0.969253
423,0.00959184,0.982765
424,0.00961451,0.992415
425,0.00963719,0.998167
426,0.00965986,0.999998
427,0.00968254,0.997899
428,0.00970522,0.991881
429,0.00972789,0.981965
430,0.00975057,0.968192
431,0.00977324,0.950615
432,0.00979592,0.929304
433,0.00981859,0.904341
434,0.00984127,0.875826
435,0.00986395,0.84387
436,0.00988662,0.808598
437,0.0099093,0.77015
438,0.00993197,0.728676
439,0.00995465,0.684339
440,0.00997732,0.637314
441,0.01,0.587785
442,0.0100227,0.482003
443,0.0100454,0.368654
444,0.010068,0.249518
445,0.0100907,0.126464
446,0.0101134,0.00142476
447,0.0101361,-0.123637
448,0.0101587,-0.246757
449,0.0101814,-0.366004
450,0.0102041,-0.479505
451,0.0102268,-0.585478
452,0.0102494,-0.682259
453,0.0102721,-0.768329
454,0.0102948,-0.842337
455,0.0103175,-0.903121
456,0.0103401,-0.949727
457,0.0103628,-0.981423
458,0.0103855,-0.997711
459,0.0104082,-0.998336
460,0.0104308,-0.983287
461,0.0104535,-0.952802
462,0.0104762,-0.907359
463,0.0104989,-0.84767
464,0.0105215,-0.774674
465,0.0105442,-0.689516
466,0.0105669,-0.593534
467,0.0105896,-0.488233
468,0.0106122,-0.375267
469,0.0106349,-0.25641
470,0.0106576,-0.133527
471,0.0106803,-0.00854845
472,0.0107029,0.116565
473,0.0107256,0.239848
474,0.0107483,0.359365
475,0.010771,0.473241
476,0.0107937,0.579688
477,0.0108163,0.677033
478,0.010839,0.76375
479,0.0108617,0.838477
480,0.0108844,0.90004
481,0.010907,0.947473
482,0.0109297,0.980031
483,0.0109524,0.997204
484,0.0109751,0.998721
485,0.0109977,0.984559
486,0.0110204,0.954941
487,0.0110431,0.91033
488,0.0110658,0.851428
489,0.0110884,0.779159
490,0.0111111,0.694658
491,0.0111338,0.599252
492,0.0111565,0.494437
493,0.0111791,0.381861
494,0.0112018,0.263289
495,0.0112245,0.140584
496,0.0112472,0.0156717
497,0.0112698,-0.109486
498,0.0112925,-0.232926
499,0.0113152,-0.352708
500,0.0113379,-0.466954
501,0.0113605,-0.573868
502,0.0113832,-0.671773
503,0.0114059,-0.759132
504,0.0114286,-0.834573
505,0.0114512,-0.896912
506,0.0114739,-0.94517
507,0.0114966,-0.97859
508,0.0115193,-0.996646
509,0.011542,-0.999056
510,0.0115646,-0.985781
511,0.0115873,-0.957031
512,0.01161,-0.913255
513,0.0116327,-0.855143
514,0.0116553,-0.783605
515,0.011678,-0.699765
516,0.0117007,-0.60494
517,0.0117234,-0.500617
518,0.011746,-0.388435
519,0.0117687,-0.270155
520,0.0117914,-0.147633
521,0.0118141,-0.0227942
522,0.0118367,0.102403
523,0.0118594,0.225992
524,0.0118821,0.346034
525,0.0119048,0.460642
526,0.0119274,0.56802
527,0.0119501,0.666479
528,0.0119728,0.754476
529,0.0119955,0.830628
530,0.0120181,0.893739
531,0.0120408,0.94282
532,0.0120635,0.977099
533,0.0120862,0.996038
534,0.0121088,0.99934
535,0.0121315,0.986953
536,0.0121542,0.959072
537,0.0121769,0.916134
538,0.0121995,0.858814
539,0.0122222,0.788011
540,0.0122449,0.704836
541,0.0122676,0.610597
542,0.0122902,0.506771
543,0.0123129,0.394989
544,0.0123356,0.277007
545,0.0123583,0.154675
546,0.012381,0.0299155
547,0.0124036,-0.0953139
548,0.0124263,-0.219047
549,0.012449,-0.339341
550,0.0124717,-0.454308
551,0.0124943,-0.562142
552,0.012517,-0.661152
553,0.0125397,-0.749781
554,0.0125624,-0.82664
555,0.012585,-0.890521
556,0.0126077,-0.940421
557,0.0126304,-0.975558
558,0.0126531,-0.995379
559,0.0126757,-0.999573
560,0.0126984,-0.988075
561,0.0127211,-0.961065
562,0.0127438,-0.918967
563,0.0127664,-0.862442
564,0.0127891,-0.792377
565,0.0128118,-0.709872
566,0.0128345,-0.616223
567,0.0128571,-0.512899
568,0.0128798,-0.401524
569,0.0129025,-0.283845
570,0.0129252,-0.161709
571,0.0129478,-0.0370353
572,0.0129705,0.0882202
573,0.0129932,0.212091
574,0.0130159,0.332631
575,0.0130385,0.44795
576,0.0130612,0.556236
577,0.0130839,0.65579
578,0.0131066,0.745049
579,0.0131293,0.82261
580,0.0131519,0.887257
581,0.0131746,0.937975
582,0.0131973,0.973968
583,0.01322,0.99467
584,0.0132426,0.999756
585,0.0132653,0.989147
586,0.013288,0.963009
587,0.0133107,0.921753
588,0.0133333,0.866025
589,0.013356,0.796702
590,0.0133787,0.714871
591,0.0134014,0.621817
592,0.013424,0.519002
593,0.0134467,0.408038
594,0.0134694,0.290668
595,0.0134921,0.168735
596,0.0135147,0.0441532
597,0.0135374,-0.081122
598,0.0135601,-0.205124
599,0.0135828,-0.325905
600,0.0136054,-0.44157
601,0.0136281,-0.550302
602,0.0136508,-0.650396
603,0.0136735,-0.740278
604,0.0136961,-0.818539
605,0.0137188,-0.883949
606,0.0137415,-0.935482
607,0.0137642,-0.972328
608,0.0137868,-0.99391
609,0.0138095,-0.999888
610,0.0138322,-0.990169
611,0.0138549,-0.964904
612,0.0138776,-0.924492
613,0.0139002,-0.869565
614,0.0139229,-0.800987
615,0.0139456,-0.719834
616,0.0139683,-0.627381
617,0.0139909,-0.525078
618,0.0140136,-0.414531
619,0.0140363,-0.297477
620,0.014059,-0.175752
621,0.0140816,-0.0512688
622,0.0141043,0.0740197
623,0.014127,0.198146
624,0.0141497,0.319162
625,0.0141723,0.435167
626,0.014195,0.54434
627,0.0142177,0.644968
628,0.0142404,0.73547
629,0.014263,0.814426
630,0.0142857,0.880596
631,0.0143084,0.932941
632,0.0143311,0.970639
633,0.0143537,0.9931
634,0.0143764,0.999969
635,0.0143991,0.99114
636,0.0144218,0.966751
637,0.0144444,0.927184
638,0.0144671,0.873061
639,0.0144898,0.805232
640,0.0145125,0.724761
641,0.0145351,0.632912
642,0.0145578,0.531127
643,0.0145805,0.421004
644,0.0146032,0.304271
645,0.0146259,0.182761
646,0.0146485,0.0583819
647,0.0146712,-0.0669136
648,0.0146939,-0.191159
649,0.0147166,-0.312403
650,0.0147392,-0.428742
651,0.0147619,-0.538351
652,0.0147846,-0.639507
653,0.0148073,-0.730625
654,0.0148299,-0.810271
655,0.0148526,-0.877197
656,0.0148753,-0.930352
657,0.014898,-0.968901
658,0.0149206,-0.992239
659,0.0149433,-1
660,0.014966,-0.992061
661,0.0149887,-0.968548
662,0.0150113,-0.929829
663,0.015034,-0.876513
664,0.0150567,-0.809436
665,0.0150794,-0.729651
666,0.015102,-0.638411
667,0.0151247,-0.537149
668,0.0151474,-0.427454
669,0.0151701,-0.311049
670,0.0151927,-0.18976
671,0.0152154,-0.065492
672,0.0152381,0.0598042
673,0.0152608,0.184161
674,0.0152834,0.305627
675,0.0153061,0.422295
676,0.0153288,0.532334
677,0.0153515,0.634015
678,0.0153741,0.725742
679,0.0153968,0.806076
680,0.0154195,0.873755
681,0.0154422,0.927717
682,0.0154649,0.967114
683,0.0154875,0.991328
684,0.0155102,0.999979
685,0.0155329,0.992932
686,0.0155556,0.970296
687,0.0155782,0.932427
688,0.0156009,0.879919
689,0.0156236,0.813598
690,0.0156463,0.734504
691,0.0156689,0.643878
692,0.0156916,0.543145
693,0.0157143,0.433884
694,0.015737,0.317811
695,0.0157596,0.196749
696,0.0157823,0.0725988
697,0.015805,-0.0526917
698,0.0158277,-0.177155
699,0.0158503,-0.298837
700,0.015873,-0.415827
701,0.0158957,-0.52629
702,0.0159184,-0.62849
703,0.015941,-0.720823
704,0.0159637,-0.80184
705,0.0159864,-0.870268
706,0.0160091,-0.925034
707,0.0160317,-0.965278
708,0.0160544,-0.990367
709,0.0160771,-0.999908
710,0.0160998,-0.993752
711,0.0161224,-0.971994
712,0.0161451,-0.934977
713,0.0161678,-0.883282
714,0.0161905,-0.817719
715,0.0162132,-0.739319
716,0.0162358,-0.649313
717,0.0162585,-0.549112
718,0.0162812,-0.440291
719,0.0163039,-0.324558
720,0.0163265,-0.203729
721,0.0163492,-0.0797019
722,0.0163719,0.0455765
723,0.0163946,0.170139
724,0.0164172,0.292031
725,0.0164399,0.409338
726,0.0164626,0.520219
727,0.0164853,0.622933
728,0.0165079,0.715867
729,0.0165306,0.797562
730,0.0165533,0.866737
731,0.016576,0.922304
732,0.0165986,0.963392
733,0.0166213,0.989355
734,0.016644,0.999787
735,0.0166667,0.994522
736,0.0166893,0.973644
737,0.016712,0.93748
738,0.0167347,0.886599
739,0.0167574,0.821799
740,0.01678,0.744097
741,0.0168027,0.654714
742,0.0168254,0.555052
743,0.0168481,0.446676
744,0.0168707,0.331287
745,0.0168934,0.210698
746,0.0169161,0.0868009
747,0.0169388,-0.038459
748,0.0169615,-0.163115
749,0.0169841,-0.28521
750,0.0170068,-0.402828
751,0.0170295,-0.514122
752,0.0170522,-0.617344
753,0.0170748,-0.710875
754,0.0170975,-0.793245
755,0.0171202,-0.863162
756,0.0171429,-0.919528
757,0.0171655,-0.961458
758,0.0171882,-0.988294
759,0.0172109,-0.999614
760,0.0172336,-0.995241
761,0.0172562,-0.975244
762,0.0172789,-0.939936
763,0.0173016,-0.889872
764,0.0173243,-0.825837
765,0.0173469,-0.748838
766,0.0173696,-0.660082
767,0.0173923,-0.560963
768,0.017415,-0.453038
769,0.0174376,-0.338001
770,0.0174603,-0.217657
771,0.017483,-0.0938955
772,0.0175057,0.0313396
773,0.0175283,0.156083
774,0.017551,0.278375
775,0.0175737,0.396298
776,0.0175964,0.507999
777,0.017619,0.611724
778,0.0176417,0.705846
779,0.0176644,0.788887
780,0.0176871,0.859543
781,0.0177098,0.916705
782,0.0177324,0.959475
783,0.0177551,0.987182
784,0.0177778,0.999391
785,0.0178005,0.99591
786,0.0178231,0.976794
787,0.0178458,0.942344
788,0.0178685,0.893099
789,0.0178912,0.829833
790,0.0179138,0.75354
791,0.0179365,0.665416
792,0.0179592,0.566846
793,0.0179819,0.459377
794,0.0180045,0.344696
795,0.0180272,0.224604
796,0.0180499,0.100985
797,0.0180726,-0.0242185
798,0.0180952,-0.149042
799,0.0181179,-0.271526
800,0.0181406,-0.389747
801,0.0181633,-0.50185
802,0.0181859,-0.606073
803,0.0182086,-0.700782
804,0.0182313,-0.784489
805,0.018254,-0.85588
806,0.0182766,-0.913835
807,0.0182993,-0.957443
808,0.018322,-0.98602
809,0.0183447,-0.999117
810,0.0183673,-0.996529
811,0.01839,-0.978295
812,0.0184127,-0.944704
813,0.0184354,-0.896281
814,0.018458,-0.833788
815,0.0184807,-0.758204
816,0.0185034,-0.670717
817,0.0185261,-0.572701
818,0.0185488,-0.465693
819,0.0185714,-0.351375
820,0.0185941,-0.23154
821,0.0186168,-0.10807
822,0.0186395,0.0170963
823,0.0186621,0.141994
824,0.0186848,0.264663
825,0.0187075,0.383177
826,0.0187302,0.495675
827,0.0187528,0.600392
828,0.0187755,0.695683
829,0.0187982,0.780052
830,0.0188209,0.852175
831,0.0188435,0.910919
832,0.0188662,0.955363
833,0.0188889,0.984808
834,0.0189116,0.998792
835,0.0189342,0.997096
836,0.0189569,0.979747
837,0.0189796,0.947016
838,0.0190023,0.899418
839,0.0190249,0.837699
840,0.0190476,0.76283
841,0.0190703,0.675984
842,0.019093,0.578526
843,0.0191156,0.471986
844,0.0191383,0.358035
845,0.019161,0.238464
846,0.0191837,0.115149
847,0.0192063,-0.00997314
848,0.019229,-0.134939
849,0.0192517,-0.257787
850,0.0192744,-0.376587
851,0.0192971,-0.489476
852,0.0193197,-0.59468
853,0.0193424,-0.690548
854,0.0193651,-0.775574
855,0.0193878,-0.848425
856,0.0194104,-0.907957
857,0.0194331,-0.953234
858,0.0194558,-0.983546
859,0.0194785,-0.998417
860,0.0195011,-0.997613
861,0.0195238,-0.981148
862,0.0195465,-0.94928
863,0.0195692,-0.902509
864,0.0195918,-0.841569
865,0.0196145,-0.767416
866,0.0196372,-0.681216
867,0.0196599,-0.584322
868,0.0196825,-0.478254
869,0.0197052,-0.364678
870,0.0197279,-0.245376
871,0.0197506,-0.122223
872,0.0197732,0.00284951
873,0.0197959,0.127877
874,0.0198186,0.250897
875,0.0198413,0.369978
876,0.0198639,0.483251
877,0.0198866,0.588937
878,0.0199093,0.685378
879,0.019932,0.771058
880,0.0199546,0.844633
881,0.0199773,0.904948
